title,up,play,danmu
子皿】《全战：三国》史实模式P3：和曹老板对轰的一天,子皿SS,207,0
【全战三国】写做龚都，念做蚩尤（翻车）,岸岛柔乃子,192,0
全战三国 刘备,金开锐2018,741,0
【全战三国】写做龚都，念做蚩尤（三）,岸岛柔乃子,372,0
【全战三国】写做龚都，念做蚩尤（二）,岸岛柔乃子,143,0
全战三国 董太师的崛起之路第三部，6月11日直播实况 300万钱富甲天下蹂躏袁绍,闲来无事找节操,1041,0
【全战三国】写做龚都，念做蚩尤,岸岛柔乃子,829,1
全战三国 董太师的崛起之路第二部，6月8日直播实况,闲来无事找节操,1051,0
全战三国 董太师的崛起之路第一部，6月7日直播实况,闲来无事找节操,1040,0
全战三国 孙坚 P3~PN（完结）,金开锐2018,574,0
[全战三国]吕布真是大猪蹄子,岸岛柔乃子,759,0
【子皿】《全战：三国》史实模式P2：两州在握雄兵在手！,子皿SS,512,0
全战三国 孙坚 P2,金开锐2018,397,0
全战三国 孙坚 P1,金开锐2018,1008,0
【子皿】《全战：三国》史实模式P1：孔聋听说你喜欢让城,子皿SS,595,0
全战三国 公孙瓒 P9（完结）,金开锐2018,546,0
全战三国六一儿童节一不小心肝了20个小时,闲来无事找节操,1237,0
笑笑鲟鲟德云色 19.6.2 全战三国,老实敦厚的笑笑,1659,0
【游戏混剪】全战三国究极混剪 给您带来极致的享受！这是吸取了大家建议后的最新版本哟！,凝丶,3999,0
全战三国：自从玩了这款游戏，我就不想去上厕所了，太刺激了,游戏魔王城,510,0
全战三国：在三国时期创业到底有多艰难，看看他你就知道了！,游戏魔王城,592,0
全战三国：外国白血病玩家临终前最后心愿就是玩到这款游戏，非标题党,游戏魔王城,497,0
全战三国 公孙瓒 P8,金开锐2018,310,0
全战三国 公孙瓒 P7,金开锐2018,373,0
全战三国 公孙瓒 P6,金开锐2018,1076,0
全战三国 公孙瓒 P5,金开锐2018,441,0
全战三国 公孙瓒 P4,金开锐2018,633,0
全战三国新模式预告片公布,吃凉粉不给钱,2129,0
全战三国 公孙瓒 P3,金开锐2018,1034,0
全战三国演义模式刘备456789（统一三国）,吃凉粉不给钱,1196,0
为了孙尚香――全战三国,无知有畏,899,0
推荐大家玩全战三国，诚意满满，一款不是中国产的中国游戏,神龙钢刀,835,0
全战三国 公孙瓒 P2,金开锐2018,641,0
【德云色】双极难《全战三国》“孙括”已上线，战略部署已就绪（征战篇）,贪吃的小宇,740,0
【寅子全战三国】第五集,海猴弟弟小HH,1546,0
【寅子全战三国】第四集：曹操绿了,海猴弟弟小HH,1531,2
全战三国 公孙瓒 P1,金开锐2018,1114,1
曹操{迫！刘皇叔の早战逆u―全战三国实况,忧伤りく,864,0
【德云色】《全战三国》孙哥鏖战七小时 看“鬼才”孙哥如何排兵布阵（征战集）,贪吃的小宇,1156,0
《全战三国》三个槽点吐槽！瑜不掩瑕，好游戏但是也有小瑕疵，认真你就输了。,史蒂芬周大反派丶,1094,0
【游戏物语】秀过全战三国 盘点那些魔改三国游戏,天才英胸先生,818,0
全战三国演义模式刘备3（孙策之死）,吃凉粉不给钱,1070,0
【游戏来了】别只玩《全战三国》！这款 IGN9分的黑暗科幻神作更“烧脑刺激”~~,杉果游戏Sonkwo,1501,4
全战三国 曹操试玩,金开锐2018,1222,3
全战三国演义模式刘备2（元让投刘）,吃凉粉不给钱,1280,1
笑笑西卡德云色 19.5.23 全战三国蜀双极难,老实敦厚的笑笑,2097,3
《全战：三国》匡扶汉室前先看CG吧！,死耀之殇,1118,0
全战三国郑姜cg,不安的豆豆,1036,0
【全面战争：三国/全战/三国】9.3分！IGN测评视频（生肉）,藏在在角落的白学家,2539,0
全战三国 刘皇叔登场,少女祈祷ing,5437,21
【全面战争：三国/全战/三国】人物预告片――郑姜篇,藏在在角落的白学家,2624,3
【全面战争：三国/全战/三国】势力预告片――黄巾篇,藏在在角落的白学家,2255,2
【全面战争：三国/全战/三国】人物预告片――孙坚篇,藏在在角落的白学家,2166,3
【全面战争：三国/全战/三国】人物预告片――董卓篇,藏在在角落的白学家,2234,4
【全面战争：三国/全战/三国】人物预告片――曹操篇,藏在在角落的白学家,2417,2
【全面战争：三国/全战/三国】战斗预览,藏在在角落的白学家,1310,0
【全面战争：三国/全战/三国】首发预告片,藏在在角落的白学家,1592,0
【全面战争：三国/全战/三国】英雄征途（诸葛亮人物预告片）,藏在在角落的白学家,3495,25
【每月游戏预告】五月游戏来袭！狂怒2硬刚全战三国！,天才英胸先生,1000,0
全战三国董卓势力宣传片,鱼塘边上的胖猴,5134,18
全战三国英雄和关系实机演示,非洲救世主,1498,3
全战三国最新董卓预告片,非洲救世主,1298,0
全战：三国 来者可是诸葛孔明 一个英雄的旅途,正经的褚斯,1589,7
科隆展 全战三国DEEM 孙夫人之围,金开锐2018,1209,2
（宣传片）全战三国  孙坚 泰哥噢付江东,金开锐2018,1347,0
（宣传片）全战三国 碎克鹰单,金开锐2018,1220,0
（宣传片）全战三国  骚骚片,金开锐2018,2923,0
【科隆首日】只狼/命运2/全战三国试玩体验,SteamParty,111,232
全战三国孙尚香孙权人设更新，全新演示视频包括大地图伏击作战。,非洲救世主,2084,0
【燕返】三国全战 传奇实况10,风流燕返,1549,18
【燕返】三国全战 传奇实况9,风流燕返,1545,47
【燕返】三国全战 传奇实况8,风流燕返,1535,42
【燕返】三国全战 传奇实况7,风流燕返,1612,23
【燕返】三国全战 传奇实况6,风流燕返,2412,11
【燕返】三国全战 传奇实况5,风流燕返,2482,0
【燕返】三国全战 传奇实况4,风流燕返,2124,3
为了孙尚香（2）――三国全战,无知有畏,910,0
【燕返】三国全战 传奇实况3,风流燕返,2848,39
三国全战试玩――匡扶汉室之路,无知有畏,1232,3
【燕返】三国全战 传奇实况2,风流燕返,3871,67
【燕返】三国全战 传奇实况1,风流燕返,11,199
【燕返】三国全战 OP剪辑,风流燕返,3185,9
三国全战马腾势力试玩视频,非洲救世主,1483,0
斯提姆 三国全战 宣传片3,忧郁的狼狼,1187,1
斯提姆 三国全战 宣传片2,忧郁的狼狼,1162,0
斯提姆 三国全战 宣传片1,忧郁的狼狼,1101,1
【游戏解说】【真三国无双5禁无双】修罗难度禁一闪典韦虎牢关吕布侧-背水-全战功-无军团败走,勾玉灵媒师,1197,4
【真三国无双5・禁无双・伪1级・修罗难度】赵云传攻略字幕解说 全战功C敌全灭C无友军败走,勾玉灵媒师,1099,1
【燕返】三国全战预告 江东之虎,风流燕返,7986,53
【三国全战】E3实机视频演示翻译,风流燕返,5169,31
《美女手游日记》全民无双 群英争霸战三国,星游视频,6581,0
【三国全面战争・微电影】汉中攻防战,月饼丶兔,348,0
【三国全面战争・微电影】下邳落日战,月饼丶兔,314,0
三国演义×全面战争三国,自带BGM的团子,526,0
《全面战争：三国》吕布夜取长安俘汉帝 夺玉矿 伏击女贼郑姜,全面战争中文网,526,0
XiuZ【全面战争：三国】双传奇公孙瓒：悍匪莽如牛【史实模式】【第十二期】,修哲sama,190,0
XiuZ【全面战争：三国】双传奇公孙瓒：盗贼女王灭【史实模式】【第十三期】,修哲sama,70,0
XiuZ【全面战争：三国】双传奇公孙瓒：入山剿悍匪【史实模式】【第十一期】,修哲sama,128,0
XiuZ【全面战争：三国】双传奇公孙瓒：铁骑入中原【史实模式】【第九期】,修哲sama,133,0
XiuZ【全面战争：三国】双传奇公孙瓒：苦心终成公【史实模式】【第八期】,修哲sama,149,0
XiuZ【全面战争：三国】双传奇公孙瓒：将军披龙袍【史实模式】【第十期】,修哲sama,104,0
XiuZ【全面战争：三国】双传奇公孙瓒：河北起狼烟【史实模式】【第六期】,修哲sama,112,0
XiuZ【全面战争：三国】双传奇公孙瓒：刘袁皆成公【史实模式】【第五期】,修哲sama,154,0
XiuZ【全面战争：三国】双传奇公孙瓒：南下斩袁绍【史实模式】【第四期】,修哲sama,157,0
【三国全面战争・微电影】赤壁之战,月饼丶兔,125,0
2019第二十三周Steam排行榜：《三国：全面战争》三连冠,游民星空官方,702,0
【三国全面战争・微电影】长坂坡之战,月饼丶兔,777,0
《全面战争：三国》谁是最强武将？第二届武将单挑赛开始,JOJ,563,1
《全面战争 三国》马?腾 屈辱全国制霸 第五集 全面战争,被迫改名的信玄君,1086,0
狗血《三国全面战争》吕布接班马腾的送妻游戏，立志睡了貂蝉再拿去勾英雄,全面战争中文网,1031,0
【冬瓜】全面战争三国，双传奇马腾200回合统一，吕布，马超，孙策在手。,虎牙_冬瓜,253,0
狗血剧情《三国全面战争》马腾用老婆色诱吕布后老夫妻双嗝屁 吕布继位易帜,全面战争中文网,2031,0
《全面战争：三国》联机：司马懿遭遇夏侯渊张燕纯步流 张飞许褚先后1挑3将,全面战争中文网,1043,0
《全面战争：三国》谁是最强武将？第一届武将单挑赛开始,JOJ,1996,0
2019第二十一周Steam排行榜：《三国：全面战争》两连冠,游民星空官方,1068,0
《全面战争三国》游戏实况试玩，这游戏对手残党那么不友好的吗！,Saniniの穷逼日常,474,0
XiuZ【全面战争：三国】双传奇公孙瓒：河东万人坑【史实模式】【第七期】,修哲sama,666,0
XiuZ【全面战争：三国】双传奇公孙瓒：北上定公孙【史实模式】【第三期】,修哲sama,604,0
《全面战争：三国》马腾誓讨黄巾，匪兵甲遭龚都强势攻城,全面战争中文网,913,0
【老游侠】三国全面战争 攻城攻略 低伤教程,老游侠,3169,0
【全面战争：三国】 血战长坂坡,喧嚣画尘,1033,0
《全面战争 三国》马?腾 屈辱全国制霸 第四集 虎口夺食,被迫改名的信玄君,1368,0
【全面战争三国】进坑娘版：头铁流粤语试玩郑姜篇第二期（粤语中字）,跟我一起进坑,1156,0
XiuZ【全面战争：三国】双传奇公孙瓒：今日好叫北凉不悲凉【史实模式】,修哲sama,947,0
决定了，就由你来匡扶汉室！《全面战争：三国》抢先上手测评,柚子木字幕组,2391,0
《三国：全面战争》历史会战 合集 最高画质 未完结,西总游戏解说,1035,0
三国全面战争――背备楠 04  200人vs600人，打出一个漂亮的战斗，结果。。。,快快乐乐玩耍,742,0
《全面战争：三国》联机:仲达带许褚张飞树林边血战张燕关羽张飞,全面战争中文网,982,0
《全面战争：三国》联机对战：仲达带许褚张飞2痴vs关张赵,全面战争中文网,1062,0
三国全面战争――背备楠 03 人如其名,快快乐乐玩耍,297,0
「刘队长」全面战争：三国曹操直播实况,刘队长iwltea,406,0
《全面战争 三国》马?腾 屈辱全国制霸 第三集 卑鄙的异乡人,被迫改名的信玄君,1130,1
三国全面战争―― 备备楠 02,快快乐乐玩耍,190,0
三国全面战争――备备楠 01,快快乐乐玩耍,472,0
《三国全面战争》何仪顺应万民逆袭嫂嫂！天下必属我黄天之道！,全面战争中文网,779,0
《全面战争三国》微评测：是兄弟就来匡扶汉室,梦电大表哥,1040,0
【老游侠】三国全面战争 解锁董卓  河东路线,老游侠,1356,0
《三国全面战争》联机对战攻城战！匪兵甲、夜貂蝉、礼赞，关羽单挑嫂子不敢赢,全面战争中文网,1092,0
《全面战争 三国》马?腾 屈辱全国制霸 第二集 坎坷入川,被迫改名的信玄君,1472,0
2019第二十一周Steam排行榜：《三国：全面战争》登顶,游民星空官方,1116,0
STEAM销量周榜2019年第21期 全面战争：三国无双,SteamParty,224,1837
本周全面战争：三国火热发售，战争策略游戏大作，然而我玩了很多其他游戏丨LR VLOG,飞雪有趣,1078,0
三国全面战争――楠巾何仪 01,快快乐乐玩耍,888,0
《全面战争：三国》速开董卓势力！这应该是全站最好理解的教程,andygor,1683,1
《全面战争：三国》买不买呢？（片末有自制骑砍2的彩蛋！）,andygor,1114,0
《全面战争 三国》马?腾 屈辱全国制霸 第一集 安家,被迫改名的信玄君,2863,3
【老游侠】三国全面战争 最速 最稳 解锁董卓 速攻斩杀董卓,老游侠,21,48
【全面战争】三国 刘备派系宣传片,HighKingArthur,1331,3
【全面战争】三国 中配游戏开场CG,HighKingArthur,1099,0
【全面战争】三国 官中宣传CG,HighKingArthur,1155,0
【全面战争】三国 郑姜派系宣传片,HighKingArthur,1112,0
全面战争：三国IGN评9.3分？这人物形象根本不及格！,苹果牛,4300,14
【全面战争】三国 诸葛亮英雄之旅宣传片,HighKingArthur,1135,0
【全面战争】三国 孙坚派系官中宣传片,HighKingArthur,1075,0
【全面战争】三国 曹操派系官中宣传片,HighKingArthur,1216,0
【全面战争】三国 黄天当立诸侯包官中宣传片,HighKingArthur,1070,0
寅子《三国全面战争》第三集,海猴弟弟小HH,6816,10
【全面战争】三国 董卓派系官中宣传片,HighKingArthur,1151,0
【全面战争三国】进坑娘版郑姜头铁流粤语试玩第一期：向南突围，舍我其谁！,跟我一起进坑,1534,5
寅子《三国全面战争》第二集,海猴弟弟小HH,1695,1
【寅子X三国全面战争】猪圈都打不下来还扫清六合？,海猴弟弟小HH,4316,29
你的电脑配置带的动《全面战争：三国》吗？进来看看吧！,andygor,1726,0
全面战争三国,HtoO_W,671,0
全面战争三国初解禁试玩,吃凉粉不给钱,1352,2
【LEAR】《全面战争：三国》之前，5分钟带你简单回顾《全面战争》系列,平翘不分的LEAR,1472,2
【寅子X全面战争：三国】战神夏侯元让,海猴弟弟小HH,57,315
全面战争：三国刘备预告片,鱼塘边上的胖猴,25,43
三国全面战争最新CG--刘皇叔,非洲救世主,3179,6
《三国：全面战争》震撼发售预告 刘备VS曹操,我爱一支柴,1552,0
【全面战争：三国】外国人怎么看三国历史,藏在在角落的白学家,1656,2
全面战争:三国，刘备三顾茅庐邀请诸葛亮出山，为民而战定鼎天下,耳东先←_←,1275,1
萌萌的诗酱出品：最全《全面战争：三国》游戏攻略合集,怅离别丶步尘芳,1396,1
[简中]全面战争：三国――董卓,二手鸽子,1220,0
生肉《三国：全面战争》典藏版开箱,我爱一支柴,1065,1
【游戏视频】少年三国志，与全球一亿玩家一起战斗！,小7手游丶,1003,2
老外试玩《全面战争：三国》,鱼塘边上的胖猴,1999,1
全面战争三国公孙瓒派系试玩,非洲救世主,1296,1
全面战争三国董卓派系试玩视频,非洲救世主,1201,0
《全面战争：三国》董卓中文宣传片 隐藏势力登场,星辰钟塔-玛利亚女士,1951,1
三国全面战争 董卓预告（简中）,nxy0623,2212,4
【HanAki】《三国杀》国战 首亮先黑死俩队友然后顺便收了全场,HanAki_Lee,1135,0
《全面战争：三国》游戏宣传片,篝火营地,1369,0
三国全面战争 20分钟演示（控制刘备）,nxy0623,1942,1
全面战争三国新视频 间谍系统字幕版,非洲救世主,1538,6
全面战争三国新视频 间谍系统生肉,非洲救世主,1084,0
《全面战争：三国》新预告刘备请诸葛亮出山 风景美爆还有熊猫！,星辰钟塔-玛利亚女士,1742,2
《三国：全面战争》与《三国》系列电视剧及游戏人物对比 造型还原历史、颇具神韵,我爱一支柴,1370,5
全面战争三国新视频 三顾茅庐,非洲救世主,1368,1
全面战争三国新视频 英雄之路-诸葛亮出山 中文字幕,非洲救世主,1932,21
Vlog.1从向女友推荐三国全面战争开始,放与娜孜,1195,6
《全面战争：三国》原生宣传片音乐,我现在只想玩游戏,2659,1
《全面战争：三国》黄巾势力DLC 苍天已死 黄天当立,我现在只想玩游戏,1363,0
《三国：全面战争》新势力公布 土匪女王郑姜,我爱一支柴,1323,0
全面战争三国  - Zheng Jiang 角色预告,nxy0623,1758,1
《三国：全面战争》刘表新演示详解外交系统,星辰钟塔-玛利亚女士,1272,0
《三国：全面战争》“黄巾之乱”宣传片,星辰钟塔-玛利亚女士,1646,0
黄天当立！《全面战争：三国》发售日确定预告片‘黄巾之乱’,NGA玩家社区,7889,7
全面战争三国 黄巾军预告,nxy0623,6398,17
【巴哈姆特电玩疯】全面战争：三国公开,Missxy27,1100,0
期待不期待】全面战争：三国  2018科隆展最新实机演示,NPC新玩家次元,4069,7
中文字幕《全面战争：三国》第二部实机演示：孙夫人之围,我现在只想玩游戏,24,197
《三国：全面战争》新伏击演示 孙尚香遭曹操暗算,星辰钟塔-玛利亚女士,2688,5
全面战争三国 11分钟实机演示,nxy0623,3942,45
《三国：全面战争》新预告公布 江东猛虎孙文台,我爱一支柴,1332,0
全面战争 三国 孙坚预告,nxy0623,37,84
三国全面战争IGN采访+10分钟左右的加长版实机演示1080P,ACer_1060376,2660,0
三国全面战争E3访谈-20180615,非洲救世主,2488,0
三国全面战争E3展实机攻城战演示视频,ACer_1060376,19,103
《三国：全面战争》曹老板实机游戏预告片【自译字幕加歌词】,魔法少女胡永儿,3393,10
【历史】三国全面战争PV2古风翻译 时机演示曹操大战袁绍【@历史独角兽】,历史独角兽,2619,2
【中字+浅析】《三国：全面战争》曹操宣传片！,刘大舌头,68,122
三国全面战争预告片第二弹曹操登场,夜夜都嘘嘘,3074,6
三国全面战争发布第二个CG宣传视频并跳票到19年春季,非洲救世主,2899,0
《全面战争:三国》曹操英文预告片,米妮瓦・劳・扎比,9877,18
CA三国全面战争最新预告,ACer_1060376,2073,0
三国全面战争,墨文轩呀,5677,1
三国杀国战：全场第一混子，只出过一张杀。,Feng的节奏,2409,0
全面战争：三国 预告片 中英文歌词字幕完整版（自制）,魔法少女胡永儿,6197,5
史诗炫酷CG！《全面战争：三国》官方预告，你期待吗？,开眼视频,6112,3
【中文】《全面战争：三国》首部CG预告，NGA译版,NGA玩家社区,28,55
全面战争：三国【预告片】【自嵌中字】,二手鸽子,47,101
全面战争三国 CG宣传片,nxy0623,26,62
三国杀国战隐忍野心家胜场 全场只用一次技能,彩虹直至夕阳,2080,2
真三国无双ol 乱战 头晕眼花全身无力？,Y飞羽Y,5277,0
古战三国貂婵传最终关卡无伤打法,名字不必太长,1191,0
诸侯征战三国，天下归属于谁,小7手游丶,123,0
【三国杀】吴国流氓大战三国小姐姐组合,多面,1628,1
9.2YYF RPG 战三国,月夜枫_YYF,1,1691
RPG天团 8.30 YYF RPG录像 这个游戏我已经玩透了呀 战三国合集,月夜枫_YYF,8077,2
鲜游日报：决战三国 《吕小布传奇》,玩客视频,6514,0
【挑战300个兔头】全国的兔子都在这，看大胃王如何吃光300个兔头,大胃王余多多,1761,1
国产威武！小米6大战三星S8，相差3000，却完全不输S8,科技箱子,9055,28
只狼Sekiro 速通 - 全战斗记忆 & 全佛珠收集 1:18:43 IGT 世界纪录 5月6日,睡不醒的秋天,1030,3
只狼Sekiro 速通 - 全战斗记忆 & 全佛珠 in 1:20:13 IGT 此模式最新世界纪录,睡不醒的秋天,1215,5
【燕返】战锤全战2 古墓王3,风流燕返,1902,29
【三国杀】电脑巡查员：给我一个机会，把你们一刀一刀全都杀了！,多面,1085,3
七七三国2.1 外传 刘协全部任务流程,圣贤王0504,193,0
【新三国杀】贾诩乱武秒全场,Pretend灬SN,508,0
三国杀，全程托管的小内，结局会是怎样,耳东先←_←,1053,0
极无双全民无双刀锋无双三国无双,小冰刀塔,157,0
2019《梦三国2无双杯》全明星 憨憨（九伐） VS 希望（MPL）,103551056,1150,0
【1080p\全52话】最强武将传：三国演义,BIN2000,2349,5
三国杀十周年全新资料片-逐鹿天下重磅登场！,桌游圈官方,1127,1
【三国杀ol】-路人局军争许攸内奸一穿七收割全场,采姑娘的小蘑菇233,1069,0
【三国杀】终极无敌郭嘉司马懿秀翻全场！,微不足道,2119,13
showgood大话三国之小兵的故事 全集,你家花园我种菜,651,0
SHOWGOOD - 大话三国 [完全版],你家花园我种菜,831,0
【三国杀OL】“主公”和“忠”遭遇连环杀惨败？反贼大获全胜！,余生一个呆萌yang,563,0
【AT】梦想三国 全合体,西樵牛健,1142,0
奥斯曼帝国(1299-1923) 国旗国歌(全),阿赫night,1525,0
真三国无双8 蜀汉全事件cg 日配中字 最高画质,极夜永昼,1825,0
真三国无双8 蜀汉全事件cg 日配中字 最高画质 上,极夜永昼,1926,0
真三国无双8 孙吴全事件cg 日配中字 最高画质 下,极夜永昼,1510,0
真三国无双8 孙吴全事件cg 日配中字 最高画质 上,极夜永昼,1485,0
真三国无双8 魏全事件cg 日配中字 最高画质 上,极夜永昼,3281,0
真三国无双8 魏全事件cg 日配中字 最高画质 下,极夜永昼,1774,0
真三国无双8 群雄全事件cg 日配中字 最高画质,极夜永昼,18,7
真三国无双7猛将传全剧情动画(超清版),等待风铃声,1447,0
骑马与砍杀 风云三国  全彩蛋宝箱位置,圣贤王0504,3568,0
【三国志大椤抗式全国大会2017，Iへの道，Q俅蠡幔Q,罪剑问生,1939,0
【三国志大椤抗式全国大会2017，Iへの道，Q俅蠡幔Q1~2,罪剑问生,2164,0
【三国志大椤抗式全国大会2017，Iへの道，Q俅蠡幔省Q1~4,罪剑问生,1825,0
【三国志大椤抗式全国大会2017，Iへの道，Q俅蠡幔二回7~8,罪剑问生,1891,0
【三国志大椤抗式全国大会2017，Iへの道，Q俅蠡幔二回5~6,罪剑问生,2077,0
【三国志大椤抗式全国大会2017，Iへの道，Q俅蠡幔二回3~4,罪剑问生,2026,1
【三国志大椤抗式全国大会2017，Iへの道，Q俅蠡幔二回1~2,罪剑问生,1867,0
【三国志大4】 公式全国大会2017，Iへの道，Q俅蠡幔一回15~16,罪剑问生,1255,0
【三国志大4】 公式全国大会2017，Iへの道，Q俅蠡幔一回13~14,罪剑问生,2042,0
【游戏盘点】《真三国无双4》全武将cg动画一览,吸血鬼的牙齿,4416,5
【三国志大4】 公式全国大会2017，Iへの道，Q俅蠡幔一回11~12,罪剑问生,2065,0
【三国志大4】 公式全国大会2017，Iへの道，Q俅蠡幔一回9~10,罪剑问生,2038,0
【三国志大4】 公式全国大会2017，Iへの道，Q俅蠡幔一回5~8,罪剑问生,2182,0
【三国志大4】 公式全国大会2017，Iへの道，Q俅蠡幔一回1~4,罪剑问生,1841,0
我国最贵的一支部队，全世界仅三国拥有，每名队员都身价100亿,铁血雄兵,2551,0
【真?三国无双 8】全角色无双乱舞篇 -,晒太阳的小panda,9500,317
《真三国旅游8》全中华胜景一览,Kynee鱼,2127,3
【三国杀OL军争】残忍界黄盖爆发怒屠逆贼全场最佳MVP必非up主莫属,四魂丶牵走你的心,1574,0
日本制作人现场试玩国行版《真三国无双8》 全中文配音成亮点,电科技网,2014,0
《真・三国无双8》全武将详解介绍【@历史独角兽】,历史独角兽,2516,5
【三国志大椤抗式全国大会2017，Iへの道，Q俅蠡幔Q,罪剑问生,1939,0
【三国志大椤抗式全国大会2017，Iへの道，Q俅蠡幔Q1~2,罪剑问生,2164,0
【三国志大椤抗式全国大会2017，Iへの道，Q俅蠡幔省Q1~4,罪剑问生,1825,0
【三国志大椤抗式全国大会2017，Iへの道，Q俅蠡幔二回7~8,罪剑问生,1891,0
【三国志大椤抗式全国大会2017，Iへの道，Q俅蠡幔二回5~6,罪剑问生,2077,0
【三国志大椤抗式全国大会2017，Iへの道，Q俅蠡幔二回3~4,罪剑问生,2026,1
【三国志大椤抗式全国大会2017，Iへの道，Q俅蠡幔二回1~2,罪剑问生,1867,0
【三国志大4】 公式全国大会2017，Iへの道，Q俅蠡幔一回15~16,罪剑问生,1255,0
【三国志大4】 公式全国大会2017，Iへの道，Q俅蠡幔一回13~14,罪剑问生,2042,0
【游戏盘点】《真三国无双4》全武将cg动画一览,吸血鬼的牙齿,4416,5
【三国志大4】 公式全国大会2017，Iへの道，Q俅蠡幔一回11~12,罪剑问生,2065,0
【三国志大4】 公式全国大会2017，Iへの道，Q俅蠡幔一回9~10,罪剑问生,2038,0
【三国志大4】 公式全国大会2017，Iへの道，Q俅蠡幔一回5~8,罪剑问生,2182,0
【三国志大4】 公式全国大会2017，Iへの道，Q俅蠡幔一回1~4,罪剑问生,1841,0
我国最贵的一支部队，全世界仅三国拥有，每名队员都身价100亿,铁血雄兵,2551,0
【真?三国无双 8】全角色无双乱舞篇 -,晒太阳的小panda,9500,317
《真三国旅游8》全中华胜景一览,Kynee鱼,2127,3
【三国杀OL军争】残忍界黄盖爆发怒屠逆贼全场最佳MVP必非up主莫属,四魂丶牵走你的心,1574,0
日本制作人现场试玩国行版《真三国无双8》 全中文配音成亮点,电科技网,2014,0
《真・三国无双8》全武将详解介绍【@历史独角兽】,历史独角兽,2516,5
【三国杀】袁绍收全场果然爽,蒙面超人尹志平,1567,0
【三国杀】忠臣袁绍一回合收全场,蒙面超人尹志平,1490,0
口水三国 95 太史慈篇 桀骜不驯斗老板，文武双全很出众！,福利喵工作室,278,167
【三国杀】浪翻全场的袁大嘴，最后竟然……,多面,4734,5
【伪・三国群像】天命（性转！全是女孩子！我为何管不住造雷的手！）,心当如猛虎,341,387
【一起玩耍手游录屏】大神精彩解说：《梦三国》全球首发试玩,一起玩耍,5572,0
《口水三国》 - 52刘协篇 - 眼光好不好 全靠自己找,福利喵工作室,125,220
《口水三国》 - 34贾诩篇 - 五毒俱全，唯独缺德！,福利喵工作室,81,330
《口水三国》 - 33张A篇 - 你才是柱子！你们全家都是柱子！,福利喵工作室,65,279
【三国杀】忠臣跳反，八人全连。,我家有wifi快跟我走吧,4970,2
《真三国无双》全版本开场动画,白衫君,9003,1394
2019/06/16 BBD解说三国杀国战 吴刚伐桂 苦觅胜机,感冒中,182,0
20190613  BBD解说三国杀国战 另类汉车 极限团战,感冒中,263,0
2019/06/11 BBD解说三国杀国战 化繁为简 手到擒来,感冒中,396,0
三国战纪，大战河北名将张A,耳东先←_←,167,0
三国战纪排位赛，随心所欲的走位,耳东先←_←,192,0
极无双三国题材3D动作军团征战手游,AC_cFRvC6p0,242,0
三国战纪，大战西羌国王彻里吉,耳东先←_←,234,0
三国人物志 战役篇 官渡之战,三国英雄人物志,629,0
三国战纪，赵云截江夺阿斗，主母要去便去，须留下小主人,耳东先←_←,271,0
2019/06/09 BBD解说三国杀国战 不惧强敌 精准判断,感冒中,881,0
20190607  BBD解说三国杀国战 哪里可逃 专拆钢板,感冒中,1030,1
20190605  BBD解说三国杀国战 杀敌无形 策略为先,感冒中,1039,1
【游戏群雄殿】《三国》吕布貂蝉 是战神还是凡人？,天才英胸先生,194,0
三国战纪 小诺与箭的又一次亲密接触！,解说小诺,401,1
北约举行“挑战北极2019”军演 美英瑞典三国著名战机参演,新浪军事,1057,0
2019/06/03 BBD解说三国杀国战 转换思路 大杀四方,感冒中,1052,0
三国战纪2，第三章血战长坂，七进七出救阿斗,耳东先←_←,548,0
2019/06/01 BBD解说三国杀国战 恃强凌弱 托管无效,感冒中,1058,0
三国战纪2，第二章计袭新野，火烧新野城，大破曹仁大军,耳东先←_←,369,0
2019/05/30 BBD解说三国杀国战 鏖战谁强 教你做人,感冒中,1083,0
三国战纪 关二哥的无限连，试问天下英雄谁人能敌？,解说小诺,789,0
三国战纪，夏侯渊截江救阿斗，大喊主母休走,耳东先←_←,1044,0
三国战纪，张飞的冲撞，就像蛮牛,耳东先←_←,319,0
2019/05/28 BBD解说三国杀国战 子弹连发 无人可当,感冒中,1052,1
三国战纪乱世枭雄，武将争霸，场面无法控制,耳东先←_←,1022,2
2019/05/24 BBD解说三国杀国战 抓准时机 你死我活,感冒中,1090,0
三国战纪，陆逊在此，剑气冲霄,耳东先←_←,497,0
2019/05/22 BBD解说三国杀国战 狂骨豪情 变幻迷征,感冒中,1107,0
三国战纪，许褚来也，泰山压顶,耳东先←_←,500,0
20190520  BBD解说三国杀国战 地表最强 伤敌肥友,感冒中,1093,0
三国战纪，魏延在此，谁敢杀我,耳东先←_←,561,0
三国战纪，所谓打仗，兵贵神速,耳东先←_←,681,0
三国战纪，不好意思，请问可以投降吗,耳东先←_←,670,0
2019/05/18 BBD解说三国杀国战 索命追魂 奋命夺魄,感冒中,1106,0
2019/05/16 BBD解说三国杀国战 一攻一守 错综复杂,感冒中,1086,0
【三国杀】国战当中最恐怖的秘密,多面,1316,11
骑砍 七七三国2 第一期 圣贤救红颜，大战吕亲兵,圣贤王0504,459,0
快乐起来，和同事用摇杆玩三国战纪,8GB的蚊子,1192,3
2019/05/14 BBD解说三国杀国战 收发自如 知遇之恩,感冒中,1095,0
【三国战纪】不知火舞过江救阿斗，刘备赚了夫人又得兵,耳东先←_←,781,0
三国战纪排位赛，现在是对方曹彰的演出时间,耳东先←_←,456,0
2019/05/12 BBD解说三国杀国战 蓄势待发 引敌入彀,感冒中,1076,0
三国战纪排位赛，轻松带走孙奉台,耳东先←_←,591,0
三国杀国战：二五仔小弟作乱杀兄,雨de庀,496,0
三国战纪排位赛，本来还有机会的，对方却直接逃跑认输了,耳东先←_←,660,0
三国杀国战，忍到最后的才是赢家,啊我真不知道叫啥了,1028,0
2019/05/11 BBD解说三国杀国战 诱敌自乱 都是坏人,感冒中,1034,0
【三国杀】战地记者历险记,多面,1202,1
2019/05/08 BBD解说三国杀国战 不动刀兵 大动刀兵,感冒中,1039,0
三国战纪:曹操过江救阿斗，赵云拦路不让走,耳东先←_←,654,0
街机游戏 谁说不会连招不能玩三国战纪，解说小诺带你打破命运的枷锁！,解说小诺,1137,4
2019/05/06 BBD解说三国杀国战 摸牌奶爸 捍卫尊严,感冒中,1078,0
2019/05/04 BBD解说三国杀国战 异国拆迁 一举定叛,感冒中,1137,1
2019/05/02 BBD解说三国杀国战 致命一击 忍辱偷生,感冒中,1088,1
三国杀国战：在运气面前，实力已经无所谓了,雨de庀,1050,0
5分钟曹丕实力打脸，三国杀国战。,啊我真不知道叫啥了,838,0
手游三国杀，这局我真的贱，看老内奸如何心理战翻盘。,啊我真不知道叫啥了,1083,1
2019/04/30 BBD解说三国杀国战 德淑贤良 扭转乾坤,感冒中,1099,0
三国战纪排位赛，貂蝉攻势非常迅猛,耳东先←_←,817,0
三国战纪排位赛，魏延挺厉害的，只是没发挥出来,耳东先←_←,953,0
2019/04/28 BBD解说三国杀国战 站起来了 常规操作,感冒中,1092,0
三国战纪白金排位赛，对战无敌小钢炮,耳东先←_←,450,0
2019/04/26 BBD解说三国杀国战 极限完杀 江东血脉,感冒中,1115,0
三国战纪排位赛，对战唯美式绝恋,耳东先←_←,660,0
三国战纪2群雄争霸连段集锦,小哥-小B,638,0
三国战纪排位赛，被逼到墙角，一波操作带走,耳东先←_←,637,0
三国战纪积分赛，平民玩家打的很艰难,耳东先←_←,559,0
2019/04/24 BBD解说三国杀国战 顺牛逆怪 最后狂欢,感冒中,1079,0
三国杀国战：大郎，该喝药了,雨de庀,1035,0
三国杀国战，改得都不会玩了,雨de庀,958,0
三国战纪排位黄金段位赛，诸葛亮同时出雷霆万钧，双双套牢,耳东先←_←,1081,0
三国战纪排位赛，黄金段位对手直接逃跑了，就是有点卡,耳东先←_←,470,0
三国战纪排位赛，未战先会逃,耳东先←_←,751,0
三国战纪排位赛，不知道害怕,耳东先←_←,423,0
三国战纪排位赛，马超仙人指路,耳东先←_←,458,0
三国战纪排位赛，差点就挂了,耳东先←_←,534,0
三国战纪，打战役黄巾之乱、南蛮入侵，张角这么快被秒了,耳东先←_←,404,0
2019/04/23 BBD解说三国杀国战 各求联盟 不惧敌多,感冒中,1033,0
20190308  BBD解说三国杀国战 杀机陡现 大战铁头,感冒中,1038,0
三国战纪排位赛，打黄金段位差点翻车,耳东先←_←,1111,0
2019《梦三国2无双杯》冷月-官渡之战VS遥远-MPL战队,103551056,723,0
2019《梦三国2无双杯》扶摇-草船借箭VSZiyo-MPL战队,103551056,1034,0
三国战纪小兵争霸 第七关三国归一统 一统天下,耳东先←_←,817,0
三国战纪小兵争霸 第六关雪战夺荆州 箭射黄盖,耳东先←_←,435,0
三国战纪小兵争霸 第五关智破八阵图 火把少女烧左慈,耳东先←_←,381,1
三国战纪小兵争霸 第四关大意失荆州 拿着锅铲背着龟壳铲吕蒙,耳东先←_←,281,0
三国战纪小兵争霸 第三关威震汉中地 铁锤小胖哥锤张辽,耳东先←_←,373,0
三国战纪小兵争霸 第二关定军斩夏侯 水枪兵来斩夏侯,耳东先←_←,458,0
三国战纪小兵争霸 第一关截江救阿斗 放蛇牛角兵来了,耳东先←_←,1165,1
